{
  "id": "3347514",
  "name": "小米官网",
  "font_family": "iconfont",
  "css_prefix_text": "icon-",
  "description": "",
  "glyphs": [
    {
      "icon_id": "8776822",
      "name": "cart_empty",
      "font_class": "icon-test",
      "unicode": "e63b",
      "unicode_decimal": 58939
    },
    {
      "icon_id": "8776842",
      "name": "search",
      "font_class": "icon-test1",
      "unicode": "e63c",
      "unicode_decimal": 58940
    },
    {
      "icon_id": "8776879",
      "name": "play",
      "font_class": "icon-test2",
      "unicode": "e640",
      "unicode_decimal": 58944
    },
    {
      "icon_id": "8776944",
      "name": "region",
      "font_class": "icon-test3",
      "unicode": "e641",
      "unicode_decimal": 58945
    },
    {
      "icon_id": "8776998",
      "name": "phonecall",
      "font_class": "icon-test4",
      "unicode": "e643",
      "unicode_decimal": 58947
    },
    {
      "icon_id": "8777050",
      "name": "ET",
      "font_class": "icon-test5",
      "unicode": "e645",
      "unicode_decimal": 58949
    }
  ]
}
